USE [QUAN_LY_SAN_PHAM]
GO

SET IDENTITY_INSERT [dbo].[KHO_SAN_PHAM] ON
INSERT [dbo].[KHO_SAN_PHAM] ([MA_SP], [MA_NH], [MA_DVT], [TEN_SP], [DON_GIA_XUAT], [MO_TA]) VALUES (1, N'BO_MT', N'BO', N'MÁY TÍNH BỘ 1', 8100000, N'')
INSERT [dbo].[KHO_SAN_PHAM] ([MA_SP], [MA_NH], [MA_DVT], [TEN_SP], [DON_GIA_XUAT], [MO_TA]) VALUES (2, N'BO_MT', N'BO', N'MÁY TÍNH BỘ 2', 8200000, NULL)
INSERT [dbo].[KHO_SAN_PHAM] ([MA_SP], [MA_NH], [MA_DVT], [TEN_SP], [DON_GIA_XUAT], [MO_TA]) VALUES (3, N'BO_MT', N'BO', N'MÁY TÍNH BỘ 3', 8300000, NULL)
SET IDENTITY_INSERT [dbo].[KHO_SAN_PHAM] OFF

INSERT [dbo].[DM_NGANH_HANG] ([MA_NGH], [TEN_NGH]) VALUES (N'DIEN_TU', N'ĐIỆN TỬ')
INSERT [dbo].[DM_NGANH_HANG] ([MA_NGH], [TEN_NGH]) VALUES (N'MAY_MOC_THIET_BI', N'MÁY MÓC - THIẾT BỊ')
INSERT [dbo].[DM_NGANH_HANG] ([MA_NGH], [TEN_NGH]) VALUES (N'TIEU_DUNG', N'TIÊU DÙNG')
INSERT [dbo].[DM_NGANH_HANG] ([MA_NGH], [TEN_NGH]) VALUES (N'TIN_HOC', N'TIN HỌC')
INSERT [dbo].[DM_NGANH_HANG] ([MA_NGH], [TEN_NGH]) VALUES (N'VAT_LIEU_XAY_DUNG', N'VẬT LIỆU XÂY DỰNG')

INSERT [dbo].[DM_KHO_HANG] ([MA_KHO], [TEN_KHO], [DIA_CHI], [GHI_CHU], [LOAI_KHO]) VALUES (N'KHO_TP1', N'KHO THÀNH PHẨM 1', N'TRONG CÔNG TY', NULL, 1)
INSERT [dbo].[DM_KHO_HANG] ([MA_KHO], [TEN_KHO], [DIA_CHI], [GHI_CHU], [LOAI_KHO]) VALUES (N'KHO_TP2', N'KHO THÀNH PHẨM 2', N'TRONG CÔNG TY', NULL, 1)
INSERT [dbo].[DM_KHO_HANG] ([MA_KHO], [TEN_KHO], [DIA_CHI], [GHI_CHU], [LOAI_KHO]) VALUES (N'KHO_VT1', N'KHO VẬT TƯ 1', N'TRONG CÔNG TY', NULL, 2)
INSERT [dbo].[DM_KHO_HANG] ([MA_KHO], [TEN_KHO], [DIA_CHI], [GHI_CHU], [LOAI_KHO]) VALUES (N'KHO_VT2', N'KHO VẬT TƯ 2', N'TRONG CÔNG TY', N'', 2)

INSERT [dbo].[DM_DON_VI_TINH] ([MA_DVT], [TEN_DVT]) VALUES (N'BO', N'BỘ')
INSERT [dbo].[DM_DON_VI_TINH] ([MA_DVT], [TEN_DVT]) VALUES (N'CAI', N'CÁI')
INSERT [dbo].[DM_DON_VI_TINH] ([MA_DVT], [TEN_DVT]) VALUES (N'HOP', N'HỘP')
INSERT [dbo].[DM_DON_VI_TINH] ([MA_DVT], [TEN_DVT]) VALUES (N'THUNG', N'THÙNG')

INSERT [dbo].[DM_BO_PHAN] ([MA_BP], [TEN_BP]) VALUES (N'KY_THUAT', N'KỸ THUẬT')
INSERT [dbo].[DM_BO_PHAN] ([MA_BP], [TEN_BP]) VALUES (N'SAN_XUAT', N'SẢN XUẤT')

INSERT [dbo].[DM_QUYEN_HAN] ([MA_QH], [TEN_QH]) VALUES (N'QUAN_LY_DU_LIEU', N'QUẢN LÝ DỮ LIỆU')
INSERT [dbo].[DM_QUYEN_HAN] ([MA_QH], [TEN_QH]) VALUES (N'QUAN_LY_HE_THONG', N'QUẢN LÝ HỆ THỐNG')
INSERT [dbo].[DM_QUYEN_HAN] ([MA_QH], [TEN_QH]) VALUES (N'XEM_DU_LIEU', N'XEM DỮ LIỆU')

INSERT [dbo].[DM_NKH_NCC] ([MA_NKH_NCC], [TEN_NKH_NCC]) VALUES (N'KH_DAI_LY', N'KHÁCH HÀNG ĐẠI LÝ')
INSERT [dbo].[DM_NKH_NCC] ([MA_NKH_NCC], [TEN_NKH_NCC]) VALUES (N'KH_DU_AN', N'KHÁCH HÀNG DỰ ÁN')
INSERT [dbo].[DM_NKH_NCC] ([MA_NKH_NCC], [TEN_NKH_NCC]) VALUES (N'KH_LE', N'KHÁCH HÀNG LẺ')
INSERT [dbo].[DM_NKH_NCC] ([MA_NKH_NCC], [TEN_NKH_NCC]) VALUES (N'NCC_DV', N'NHÀ CUNG CẤP DỊCH VỤ')
INSERT [dbo].[DM_NKH_NCC] ([MA_NKH_NCC], [TEN_NKH_NCC]) VALUES (N'NCC_HH', N'NHÀ CUNG CẤP HÀNG HÓA')

INSERT [dbo].[DM_NHOM_TAI_KHOAN] ([MA_NTK], [TEN_NTK], [MA_QH]) VALUES (N'KHACH_HANG', N'Khách Hàng', N'XEM_DU_LIEU')
INSERT [dbo].[DM_NHOM_TAI_KHOAN] ([MA_NTK], [TEN_NTK], [MA_QH]) VALUES (N'NHAN_VIEN', N'Nhân Viên', N'QUAN_LY_DU_LIEU')
INSERT [dbo].[DM_NHOM_TAI_KHOAN] ([MA_NTK], [TEN_NTK], [MA_QH]) VALUES (N'QUAN_LY', N'Quản Lý', N'QUAN_LY_HE_THONG')

INSERT [dbo].[DM_NHOM_HANG] ([MA_NH], [MA_NGH], [TEN_NH]) VALUES (N'BO_MT', N'DIEN_TU', N'MÁY TÍNH BỘ')
INSERT [dbo].[DM_NHOM_HANG] ([MA_NH], [MA_NGH], [TEN_NH]) VALUES (N'CPU', N'DIEN_TU', N'CPU MÁY TÍNH')
INSERT [dbo].[DM_NHOM_HANG] ([MA_NH], [MA_NGH], [TEN_NH]) VALUES (N'HDD', N'DIEN_TU', N'Ổ CỨNG MÁY TÍNH')
INSERT [dbo].[DM_NHOM_HANG] ([MA_NH], [MA_NGH], [TEN_NH]) VALUES (N'MAIN_BOARD', N'DIEN_TU', N'BO MẠCH CHỦ')
INSERT [dbo].[DM_NHOM_HANG] ([MA_NH], [MA_NGH], [TEN_NH]) VALUES (N'MAN_HINH_MT', N'DIEN_TU', N'MÀN HÌNH MÁY TÍNH')
INSERT [dbo].[DM_NHOM_HANG] ([MA_NH], [MA_NGH], [TEN_NH]) VALUES (N'MAN_HINH_TV', N'DIEN_TU', N'MÀN HÌNH TV')
INSERT [dbo].[DM_NHOM_HANG] ([MA_NH], [MA_NGH], [TEN_NH]) VALUES (N'RAM', N'DIEN_TU', N'RAM MÁY TÍNH')

INSERT [dbo].[NHA_CUNG_CAP] ([MA_NCC], [MA_NKH_NCC], [TEN_NCC], [DIA_CHI], [SDT], [FAX], [EMAIL], [MST], [GHI_CHU]) VALUES (N'NCC0001', N'NCC_DV', N'NHÀ CUNG CẤP 1', N'BÌNH DƯƠNG', NULL, NULL, NULL, NULL, NULL)
INSERT [dbo].[NHA_CUNG_CAP] ([MA_NCC], [MA_NKH_NCC], [TEN_NCC], [DIA_CHI], [SDT], [FAX], [EMAIL], [MST], [GHI_CHU]) VALUES (N'NCC0002', N'NCC_HH', N'NHÀ CUNG CẤP 2', N'TP. HỒ CHÍ MINH', NULL, NULL, NULL, NULL, NULL)
INSERT [dbo].[NHA_CUNG_CAP] ([MA_NCC], [MA_NKH_NCC], [TEN_NCC], [DIA_CHI], [SDT], [FAX], [EMAIL], [MST], [GHI_CHU]) VALUES (N'NCC0003', N'NCC_HH', N'NHÀ CUNG CẤP 3', N'ĐỒNG NAI', NULL, NULL, NULL, NULL, NULL)

SET IDENTITY_INSERT [dbo].[KHO_VT_PHIEU_XUAT] ON
INSERT [dbo].[KHO_VT_PHIEU_XUAT] ([MA_PHIEU_XUAT], [HO_TEN_NGUOI_NHAN], [MA_BP], [THOI_GIAN_XUAT]) VALUES (1, N'Người Nhận 1', N'SAN_XUAT', CAST(0x0000A5AA01289E4B AS DateTime))
SET IDENTITY_INSERT [dbo].[KHO_VT_PHIEU_XUAT] OFF

INSERT [dbo].[KHACH_HANG] ([MA_KH], [MA_NKH_NCC], [TEN_KH], [DIA_CHI], [SDT], [FAX], [EMAIL], [MST], [GHI_CHU]) VALUES (N'KH0001', N'KH_DAI_LY', N'KHÁCH HÀNG 1', N'BÌNH DƯƠNG', NULL, NULL, NULL, NULL, NULL)
INSERT [dbo].[KHACH_HANG] ([MA_KH], [MA_NKH_NCC], [TEN_KH], [DIA_CHI], [SDT], [FAX], [EMAIL], [MST], [GHI_CHU]) VALUES (N'KH0002', N'KH_DAI_LY', N'KHÁCH HÀNG 2', N'ĐỒNG NAI', NULL, NULL, NULL, NULL, NULL)
INSERT [dbo].[KHACH_HANG] ([MA_KH], [MA_NKH_NCC], [TEN_KH], [DIA_CHI], [SDT], [FAX], [EMAIL], [MST], [GHI_CHU]) VALUES (N'KH0003', N'KH_DAI_LY', N'KHÁCH HÀNG 3', N'TP. HỒ CHÍ MINH', NULL, NULL, NULL, NULL, NULL)
INSERT [dbo].[KHACH_HANG] ([MA_KH], [MA_NKH_NCC], [TEN_KH], [DIA_CHI], [SDT], [FAX], [EMAIL], [MST], [GHI_CHU]) VALUES (N'KH0004', N'KH_LE', N'KHÁCH HÀNG LẺ', N'VIỆT NAM', NULL, NULL, NULL, NULL, NULL)
INSERT [dbo].[KHACH_HANG] ([MA_KH], [MA_NKH_NCC], [TEN_KH], [DIA_CHI], [SDT], [FAX], [EMAIL], [MST], [GHI_CHU]) VALUES (N'KH0005', N'NCC_HH', N'NHÀ CUNG CẤP 1', N'CÀ MAU', NULL, NULL, NULL, NULL, NULL)

SET IDENTITY_INSERT [dbo].[KHO_SP_PHIEU_NHAP] ON
INSERT [dbo].[KHO_SP_PHIEU_NHAP] ([MA_PHIEU_NHAP], [HO_TEN_NGUOI_GIAO], [MA_BP], [THOI_GIAN_NHAP]) VALUES (1, N'Người Giao 1', N'SAN_XUAT', CAST(0x0000A5AA00F8E834 AS DateTime))
INSERT [dbo].[KHO_SP_PHIEU_NHAP] ([MA_PHIEU_NHAP], [HO_TEN_NGUOI_GIAO], [MA_BP], [THOI_GIAN_NHAP]) VALUES (2, N'Người Giao 2', N'SAN_XUAT', CAST(0x0000A5AA00F90646 AS DateTime))
INSERT [dbo].[KHO_SP_PHIEU_NHAP] ([MA_PHIEU_NHAP], [HO_TEN_NGUOI_GIAO], [MA_BP], [THOI_GIAN_NHAP]) VALUES (3, N'Người Giao 3', N'SAN_XUAT', CAST(0x0000A5AA010C0C61 AS DateTime))
SET IDENTITY_INSERT [dbo].[KHO_SP_PHIEU_NHAP] OFF

INSERT [dbo].[KHO_SP_CHI_TIET_NHAP] ([MA_PHIEU_NHAP], [MA_SP], [MA_KHO], [SO_LUONG], [DON_GIA]) VALUES (1, 1, N'KHO_TP1', 120, 6000000)
INSERT [dbo].[KHO_SP_CHI_TIET_NHAP] ([MA_PHIEU_NHAP], [MA_SP], [MA_KHO], [SO_LUONG], [DON_GIA]) VALUES (2, 1, N'KHO_TP2', 120, 6200000)
INSERT [dbo].[KHO_SP_CHI_TIET_NHAP] ([MA_PHIEU_NHAP], [MA_SP], [MA_KHO], [SO_LUONG], [DON_GIA]) VALUES (3, 2, N'KHO_TP1', 120, 7000000)
INSERT [dbo].[KHO_SP_CHI_TIET_NHAP] ([MA_PHIEU_NHAP], [MA_SP], [MA_KHO], [SO_LUONG], [DON_GIA]) VALUES (3, 3, N'KHO_TP1', 110, 7200000)
INSERT [dbo].[KHO_SP_CHI_TIET_NHAP] ([MA_PHIEU_NHAP], [MA_SP], [MA_KHO], [SO_LUONG], [DON_GIA]) VALUES (3, 2, N'KHO_TP1', 140, 7500000)

INSERT [dbo].[TAI_KHOAN] ([ACC], [PASS], [MA_NTK], [TEN_TK], [DIA_CHI], [SDT]) VALUES (N'admin', N'admin', N'QUAN_LY', N'Nguyễn Văn Mẫn', N'Bình Dương', N'0938848351')
INSERT [dbo].[TAI_KHOAN] ([ACC], [PASS], [MA_NTK], [TEN_TK], [DIA_CHI], [SDT]) VALUES (N'kh1', N'kh1', N'KHACH_HANG', N'Khách Hàng 1', N'TP Hồ Chí Minh', NULL)
INSERT [dbo].[TAI_KHOAN] ([ACC], [PASS], [MA_NTK], [TEN_TK], [DIA_CHI], [SDT]) VALUES (N'nv1', N'nv1', N'NHAN_VIEN', N'Nhân Viên 1', N'Đồng Nai', NULL)

SET IDENTITY_INSERT [dbo].[KHO_VAT_TU] ON
INSERT [dbo].[KHO_VAT_TU] ([MA_VT], [MA_NH], [MA_DVT], [TEN_VT], [MO_TA]) VALUES (1, N'CPU', N'CAI', N'CPU 1', N'CPU 1')
INSERT [dbo].[KHO_VAT_TU] ([MA_VT], [MA_NH], [MA_DVT], [TEN_VT], [MO_TA]) VALUES (2, N'CPU', N'CAI', N'CPU 2', N'CPU 2')
INSERT [dbo].[KHO_VAT_TU] ([MA_VT], [MA_NH], [MA_DVT], [TEN_VT], [MO_TA]) VALUES (3, N'CPU', N'CAI', N'CPU 3', N'CPU 3')
INSERT [dbo].[KHO_VAT_TU] ([MA_VT], [MA_NH], [MA_DVT], [TEN_VT], [MO_TA]) VALUES (4, N'HDD', N'CAI', N'HDD 1', N'HDD 1')
INSERT [dbo].[KHO_VAT_TU] ([MA_VT], [MA_NH], [MA_DVT], [TEN_VT], [MO_TA]) VALUES (5, N'HDD', N'CAI', N'HDD 2', N'HDD 2')
INSERT [dbo].[KHO_VAT_TU] ([MA_VT], [MA_NH], [MA_DVT], [TEN_VT], [MO_TA]) VALUES (6, N'MAIN_BOARD', N'CAI', N'MAINBOARD 1', N'MAINBOARD 1')
INSERT [dbo].[KHO_VAT_TU] ([MA_VT], [MA_NH], [MA_DVT], [TEN_VT], [MO_TA]) VALUES (7, N'MAIN_BOARD', N'CAI', N'MAINBOARD 2', N'MAINBOARD 2')
INSERT [dbo].[KHO_VAT_TU] ([MA_VT], [MA_NH], [MA_DVT], [TEN_VT], [MO_TA]) VALUES (8, N'MAN_HINH_MT', N'CAI', N'MONITOR 1', N'MONITOR 1')
INSERT [dbo].[KHO_VAT_TU] ([MA_VT], [MA_NH], [MA_DVT], [TEN_VT], [MO_TA]) VALUES (9, N'RAM', N'CAI', N'RAM 1', N'RAM 1')
INSERT [dbo].[KHO_VAT_TU] ([MA_VT], [MA_NH], [MA_DVT], [TEN_VT], [MO_TA]) VALUES (10, N'RAM', N'CAI', N'RAM 2', N'RAM 2')
SET IDENTITY_INSERT [dbo].[KHO_VAT_TU] OFF

SET IDENTITY_INSERT [dbo].[KHO_SP_PHIEU_XUAT] ON
INSERT [dbo].[KHO_SP_PHIEU_XUAT] ([MA_PHIEU_XUAT], [HO_TEN_NGUOI_NHAN], [MA_KH], [THEO_SO_HD], [THOI_GIAN_XUAT]) VALUES (1, N'Người Nhận 1', N'KH0004', N'1', CAST(0x0000A5AA01485A1F AS DateTime))
SET IDENTITY_INSERT [dbo].[KHO_SP_PHIEU_XUAT] OFF

SET IDENTITY_INSERT [dbo].[KHO_VT_PHIEU_NHAP] ON
INSERT [dbo].[KHO_VT_PHIEU_NHAP] ([MA_PHIEU_NHAP], [HO_TEN_NGUOI_GIAO], [MA_NCC], [THEO_SO_HD], [THOI_GIAN_NHAP]) VALUES (1, N'Người Giao 1', N'NCC0001', N'1', CAST(0x0000A5AA00DB557B AS DateTime))
INSERT [dbo].[KHO_VT_PHIEU_NHAP] ([MA_PHIEU_NHAP], [HO_TEN_NGUOI_GIAO], [MA_NCC], [THEO_SO_HD], [THOI_GIAN_NHAP]) VALUES (2, N'Người Giao 2', N'NCC0002', N'2', CAST(0x0000A5AA00DC16F7 AS DateTime))
SET IDENTITY_INSERT [dbo].[KHO_VT_PHIEU_NHAP] OFF

INSERT [dbo].[KHO_VT_CHI_TIET_XUAT] ([MA_PHIEU_XUAT], [MA_VT], [MA_KHO], [SO_LUONG]) VALUES (1, 1, N'KHO_VT1', 100)
INSERT [dbo].[KHO_VT_CHI_TIET_XUAT] ([MA_PHIEU_XUAT], [MA_VT], [MA_KHO], [SO_LUONG]) VALUES (1, 1, N'KHO_VT2', 400)

INSERT [dbo].[KHO_VT_CHI_TIET_NHAP] ([MA_PHIEU_NHAP], [MA_VT], [MA_KHO], [SO_LUONG], [DON_GIA]) VALUES (1, 1, N'KHO_VT1', 100, 500000)
INSERT [dbo].[KHO_VT_CHI_TIET_NHAP] ([MA_PHIEU_NHAP], [MA_VT], [MA_KHO], [SO_LUONG], [DON_GIA]) VALUES (1, 4, N'KHO_VT1', 200, 1500000)
INSERT [dbo].[KHO_VT_CHI_TIET_NHAP] ([MA_PHIEU_NHAP], [MA_VT], [MA_KHO], [SO_LUONG], [DON_GIA]) VALUES (1, 6, N'KHO_VT1', 300, 3000000)
INSERT [dbo].[KHO_VT_CHI_TIET_NHAP] ([MA_PHIEU_NHAP], [MA_VT], [MA_KHO], [SO_LUONG], [DON_GIA]) VALUES (1, 8, N'KHO_VT1', 320, 2000000)
INSERT [dbo].[KHO_VT_CHI_TIET_NHAP] ([MA_PHIEU_NHAP], [MA_VT], [MA_KHO], [SO_LUONG], [DON_GIA]) VALUES (1, 9, N'KHO_VT1', 610, 400000)
INSERT [dbo].[KHO_VT_CHI_TIET_NHAP] ([MA_PHIEU_NHAP], [MA_VT], [MA_KHO], [SO_LUONG], [DON_GIA]) VALUES (2, 1, N'KHO_VT2', 600, 510000)

INSERT [dbo].[KHO_SP_CHI_TIET_XUAT] ([MA_PHIEU_XUAT], [MA_SP], [MA_KHO], [SO_LUONG], [DON_GIA]) VALUES (1, 1, N'KHO_TP1', 35, 8100000)
INSERT [dbo].[KHO_SP_CHI_TIET_XUAT] ([MA_PHIEU_XUAT], [MA_SP], [MA_KHO], [SO_LUONG], [DON_GIA]) VALUES (1, 2, N'KHO_TP1', 20, 8200000)
